id,screen_name,friends_count,followers_count,self_description
987949359751872512,EIUmFkEw2avNp5q,367,86,天野碧海です。育英のf3です。よろしく。
705310264334233601,mihooneoklove,440,746,トプ右｜17｜西浜高校⇒通信(LJK)｜ピアス｜ONE OK ROCK｜天竜＆コンビニバイター
1389240854,s0j1_mkt,707,558,アクティブに٩( *˙0˙*)۶時間は有限⏳フットワークはとっても軽く、やりたいことはぜんぶやってみよう❣️❣️たくさん旅行をしたいです。写真、わくわくすることがすき。
827738111132131329,kotaro200216,168,223,高1 I.E バド部🏸 もっと強くなりたい、 @mip0000o推し インスタ率高め
875528323991969792,lli___eguyu25,130,60,"い り の み ゆ  ♡  え ぐ ち た く や
- - - - -Kiramune- - - - - - - - -▷◁.KAmiYU｡幸せ〜〜〜〜"
989171553622409216,__michan46__,72,8,ただの乃木オタのリプ垢 ?¿
990496542455775233,q41nW2ZNGRJVulZ,21,7,ミニオンLOVE      shs130
975660997796028416,h9U4rFhcfC3Katz,82,28,
812874132656308224,mi_sa_7913,440,381,3-C 10キロ無くなれ。
990242598731202560,yumena69465329,2,0,"ヘンジンマジメ/ぎんしゃむくん大好き　　#イラスト　#ぎんしゃむ　#ヘンジンマジメ
絵描き趣味もやってる。　フォロー出来るだけ返します！"
973063105419796480,LOVE96961339,15,0,HoneyWorksが大好きです╰(*´︶`*)╯♡恋雪くん大好き(マジ天使)好きな人いたら語り合いたいです(＞人＜;)♪
713380832249909249,SS___JY,76,1,あなたが思うよりあなたは魅力的
982933078292090880,rito2114_rito,40,3,趣味垢
980411876113723394,ebidaaaaan7,15,6,趣味アカ。❤︎ヘンジンマジメ❤︎洋楽❤︎超特急❤︎Mrs. GREEN APPLE❤︎さくらしめじ❤︎無言フォローごめんなさい🙇
945585095783587840,Naaaagisaman1,153,82,Lv.20 / 学生の存在をこじらせています。 / Like ▷▶︎▷ L'Arc~en~Ciel / Acid Black Cherry / Janne Da Arc / RADWIMPS / ミオヤマザキ / 三浦大知 / 安室奈美恵 etc… / ピアノ弾くこと歌うこと音楽と写真とお酒とツイキャスが大好きです。
990474011468447744,tof7rK296ZdgBOe,45,3,お願いします！
989886057029156865,ozDdfom9ce4fT1n,22,3,SW  T&F
899826781712035840,grtpsr_15,223,55,# cbf▶︎jiro #hnhn #staRYs* #351 #みきぽん #KOHEYくん🐲 🇵🇹🧚🏻‍♂️ #優香ちゃん #きむくん🐟 #オンエア #てみじ #しばなん🐝 #kenty #よきき #ゆりみん💖 #ぬーん🌙 # 恭ちゃん # コレたん # ヘンジンマジメ # よしくん。
990218953946349568,Lsr6M6Uy4LX6fd0,7,4,"Hey!Say!JUMPとking&princeが大好きです。
JUMPは大ちゃん、キンプリでは岩橋君です
Youtuderはヘンジンマジメのみぽたぽたとぎんしゃむが好き"
948129215781601281,mitsuki_stitch,89,39,Twitter新しくしました 4小→朝1中/中2/女テニ 無言追加していきます🙇‍♀️
749168827066298372,EINA2002,321,358,柔道部/桐一/ジャニーズ／ONE OK ROCK/ツイキャスにどハマり中/気軽にfollow me+🙌
738006137962778627,GAN0699,452,275,大正→松原→北高→現在大牟田共立病院 病棟ケアスタッフ レイターズ→さんこいち→えむれな→ブラザーハウス →よきき→こまちゃん →ノーブランド → PARASTICA ADDiC 👸HAM👸 はてにゃん✨まりめろ💕
3324325302,m__vega06,198,202,Yamate 47hr.
3246834704,m_mnozokana,225,144,ラブライブとももクロが好きです！ ラブライブμ's希ちゃん♡サンシャイン果南ちゃん♡ ももクロれにちゃん推し まねクロ紫担当 皆さん仲良くしてください(●´ω｀●)
969516108888776705,tAtti1v,91,70,今使っとるアカウントこれだけやけ
989132388302143488,ayaka_ymd_0121,175,31,尾崎ヒカル  ¦ ♥ ¦  山田涼介  ¦ ♥ ¦ YouTube  ¦ ♥ ¦
892544817326051328,n_nnnn78,584,417,⌒(ё)⌒
990404770354548737,vvivl3,6,0,i.h わて
990062909475586049,JrYMCd315jjShGE,14,1,"A中→N高    女バス→書道部
Hey! Say! JUMP/ちびーず/HoneyWorks/
ヘンジンマジメ/  
フォロバ90%   フォローお願いします！
😊"
874948855388815361,pandouyamada509,466,837,山田涼介と岡田奈々に貢ぎ倒す女
984910171750129664,5gTFtJNAeVwUwZz,18,5,"🐧ペンギンすきです🐧
ハムスター/パンダマウス/スナネズミ"
990387089265999874,mipoo_ryo,61,6,かわいい子がすき
961478039329583104,dahotami_731,611,596,"Fischer's 💛 #ウオタミさんと繋がりたい



スカイピース‖SUSHI RAMEN【Riku】‖みやか君‖パオパオチャンネル‖アバンティーズ‖まあたそ‖レイターズ‖よきき‖水溜りボンド‖トミック‖木下ゆうか‖ひろむ&コウ‖あつし《ﾃｨｶﾞﾛﾋﾞﾆｯｸ》‖さぁや‖うめのみ‖Goose house"
984779320655675393,Uw432rn6Y7rOIZO,42,0,よさこいバンキッシュ大好き💕
987605848540106752,mirak_hase,42,0,趣味垢
990188978899845120,Yza2clNHBenXhiA,25,7,中2 volleyball 🦄 🇰🇷
4834612941,shiomoa1012,237,12,高2（17）║趣味垢║
810989463882973184,sasakama_11,48,1,
985768568993136642,VuXcyl,55,0,
967714871549730816,k_m_f_0415,63,40,俺足族/待人 吾妻中央のE科😁 #かめれをん のドラム😬これから先が色々と大変だよ…😅4人で頑張ろ！
990289372497956864,shiba62708844,5,0,
878254151620100096,f8P0vBepIljjaSm,79,7,"音楽と酒とディズニーが好き
歌い手さん大好き
あらき/まふまふ/そらる/天月/luz/うらたぬき/96猫/センラ/なるせ/"
1699760322,nanna__niall,66,9,ジャニオタ 管理栄養士。日々のご飯、記録帳
990197385216192513,SR2pCHdavUOdPKB,35,12,☼ 知 念 侑 李 ☼ ☻ 平 井 モ モ ☻ ❀ 吉 川 愛 ❀
982219733599535104,sakura_hina_319,308,50,五井中→生浜(夜間部)1-G
920186407318011904,yuuki0791,683,254,"ど～も～優希で～す。

野球ファン(阪神・西武)・MT車・バス・アニメ好きで～す

夢は路線バスの運転手

玉置亜子(ネトゲ嫁)は俺の嫁。

ネトゲ嫁・中妹・庶民サンプルはお気に入り

今期はウマ娘推し

大原優乃・水沢柚乃・篠崎愛・中村静香好き"
984813800149798912,SO_TA_E,5,1,基本観る専。それでも仲良くしてほしい。
989788443688423424,58UyKJ0mGveEWzE,99,10,"NAKAHARA➡️北女
Jk2"
990243671390867456,prrnnnnnnn,5,0,へんじんまじめ。みぽたぽた。💓。
975353656118661126,_prinri76,46,18,もうすぐにねん。くらすはでーぐみ。たのしみ。
792650241371549696,nago_0421,729,849,看護学生 ３
762940315636334592,yxax_,250,178,
980666446823882752,mochimochiwwwww,60,16,"中3
男子でーすよろしくっ！"
990225380714803200,meimei71213987,8,0,
942352220040839169,ru_m0518,121,38,多中/2年/女子バレー部/#3／アタッカー🏐BTS🇰🇷DANCE🌱
940212186965671936,______krg,815,418,ウォルピスさんとSouくん最推しです  めいちゃんと小豆裁判くん推してます  DDです…！   https://t.co/ztNicNhGhJ
1662447450,haichan0814,90,116,ﾈｺﾈｺﾈｺﾈｺﾈｺﾈｺﾈｺﾈｺﾈｺﾈｺﾈｺﾈｺﾈｺﾈｺﾈｺ🐱😸😹😿😻😼💕
871003469087358977,kappakappak1,332,178,"きいちゃんの袖にもいるよ。。。
#翔くん　#うせつ厨　 #みつ族　バクスラ　 ウオタミ　スカイピース　　ソナポケ
 @テオファミ @幸せ者 
フォロバ率高いです！"
4848675805,ichika__123,648,668,受験生・陸上部
990124450916925440,nMW53gArgUKbFU8,87,7,"高校2年生です！
ふたば家に、入ってます！
あまり、ツイートは、しないけど、たまーに、ツイートします！
彼氏持ちです！"
988021926474870785,Kawatakinuuuuu,22,1,はじめたばかり / MJC 💄 / ピクト民 / 吹奏楽 ( horn ) /   Mel 愛してます 💘   /
896677735694712833,yuumakun0803,143,9,
990200351541284864,akki2106nyanyan,49,2,じゅけんせー！ぎんしゃむを愛しぎんしゃむに愛された！い！おとこおお！無言フォロー失礼します_(._.)_仲良くしてくれると嬉しいです！
989826406753304577,Me98092645,10,0,
822095807469887492,konnahazzudewa,141,13,がんばれよ
819492263478734848,mofu_1007,750,916,#ウオタミ #もきゅたみ #きぬたみ #マサイノヒト #オン民 #はじメーノ #ワタナベマホト #すしらー #じんクラ #テオファミ #共犯者 #よきき #つぇるっ子 #351 #ほりえったー #ふるちゃんず #YP #B専 #ぽんふぁみ #ヘンジンマジメ #イセクラ #桑田佳祐 #NONSTYLE
758618942428491776,mofu10072841,357,440,岩沼 14
3224399318,n1207_nu,184,218,〜愛されたがり〜【@tkw2bv】 ダンスサークル出演依頼はDMまでお願いします。 定期的にツイート消します
990195657670471680,Gomtk__,38,4,モトキ可愛いbot🐟【@Fs_hasninelives】
934846313446776832,Happy886661,73,4,
987269186115190785,XuH4rVRKJ0lQKVv,120,97,バンドリ/東京喰種/能力アニメ/バンタン/ 浦島坂田船/うらたぬきが大好きな梨ちゃんです！フォローされたらフォローし返します( _ _)
939117908738719744,hYpUg3wmbxv68Eg,67,6,
990179493401645056,nana_yuri523717,418,17,❀なな❀      JK⑅ *✲ﾟ     TWICE大好き💓
902364143184863232,2jeohy,50,7,
990178871218651136,be_sunny03,60,29,Ryosuke Yamada and @nutsnuts__04）❤︎
886816021776023552,ttttttttt___HJW,249,34,とびっこ／ジャス民／セクガール／掛け持ち野郎／予備垢／Ryon's／JWF48／妄想orレポ／無言フォロー失礼しますm(*_ _)m
990171447451529217,9ecGlpX8TFM9q11,15,5,
903056567401979904,th3gYsmr4B07wCy,182,33,"#防弾少年団#BTS#バンタン     テテよりのオルペンです！
armyフォロバ100％です！"
1407564414,banechan_1048,383,733,今できることを
2273031631,nobhkhk,304,252,玉井詩織/最上もが/Hayato/白鳥白鳥/ 香港ツアー/もがらー⑤:初代もがカルトクイズ王/もが単全通打ち上げご飯会 →2017.5.1〜二丁魁 白鳥白鳥𓅮シラトリウム(@haku_sakigake)(@sakigake_gay)
823845016648855553,himariWEGO,54,14,
736933003776032769,pop_s0914,478,651,🦋chou high school (17age)総ビ🖤 #山﨑賢人¦恵那(@nakano_ena)夏恵(@Nachos_kimono)
822772291226345472,JumpAino,1295,695,ありおかだいき/みちえだしゅんすけ/ほりえりく/さんこいち
743798830445953024,hshh_318,45,10,少々 性格 難 有り
990125223058927617,yurimiu3527,35,1,えむれなを愛して2年半。音フェチ＆血管フェチの中2 #PKA#1D&ゆーぽん
742978459992002560,Mako_chante,998,1168,🇺🇸×🇯🇵(16)/👉右/元鴨居中バレー部#1/横須賀大津2年/108HR【白軍】→202HR【赤軍】/バレー部/#心力 ▷▷ @katsudon_201710 /#オカマーズトーク /洋楽♡/成田凌/YouTube/star wars/ウェイターズ🐢/真珠麿/follow meeeee🙋
919454688138768384,MWIsWzTYaXRYPIg,388,170,"常盤中2年生✌︎





YouTubeすき👍

マホト💜

結構何でも見ふ👀💕




🌵👓💩🌹あるよに面白かった😂
それぞれのやりたいことを応援する😆
大好き😍






#マホト
#YouTube好き
#アルティメットよにん
#UFer
#フォロバ絶対"
780215303808557056,fmg7238,33,4,youtuber好き ゲーム実況好き 絵描き
989860805578379264,GoodMor06522702,916,43,
934822231061889024,Chery__cess__,22,10,気象さん の 赤｜王子様 の 紫 と ターコイズブルー
972476086989635585,wJrYJ8zBpiemsJ5,40,1,あんスタ/ラブライブ！/ラブライバー
987263975686488064,nDKWtjSpLnyXaBJ,74,2,
990045840482840576,AehVwGkh04HiODT,19,1,NEWS/Hey!Say !JUMP/YouTube好き
930075207762509824,Risunaa_,163,40,（@Fujieda_）の、新しい垢 ✌🏻️✨
739078847346266113,Reina32015654,217,112,バド部🏸 : #みやかわくん #スカイピース  #みやなー
979366945454608384,kotono_0916,37,10,1年4組 I 中学生🌷 I 阪神タイガース🐯 I 🐰スカイピース🐴 I ルーズリーフ🍀
850410177278885888,momonomomoshiri,51,16,
981528929004433408,fate24179297,20,12,GENERATIONS❤️高杉真宙❤️弓道部🎯ＳＨ１F
989064248314691586,amikanaaaaa,131,41,"twitter入れ直しました。
トプ右
LINELIVE→あみ
高2/西野カナ/西野家/賢人くん/HoneyWorks
西野カナファン歴3年目💕"
971697247665586176,HyXuNrfiljSSY5T,100,32,BTSとJUMPと深田恭子さんでできています💕 | バンバン絡みに来てください！ 喜びます | BTS大好き💕 | ARMYさんと繋がりたい💕 |テテジンよりのallペン💕 | armyさん達にフォロー返します！ 気づかない時教えて下さいw | ﾃﾃ，ｼﾞﾝ，ﾏﾝﾈ，ｼﾞﾐﾝ、ﾅﾑｼﾞｭﾝ，ﾎﾋﾞ，ﾕﾝｷﾞ|
801065822550491138,clippie_s,20,16,
835497943188680704,love23637,373,336,14
989996622820950017,mameofmame,84,2,
716285039965679616,WROm2C3r1IBl5Lk,443,354,小江原小→小江原中→鶴洋高校 ラグビー部
1240665619,guardjpyk,477,479,I'm looking for the freedom and happiness floating in the sea. Click→→ https://t.co/V5VH23mX05…. .........【Favorite artist】MY FIRST STORY
849627032753287169,hamutan0601,56,5,
988049217858949120,ayaka59195811,36,3,✿20yearold❀/K‐pop/洋楽/ｷｽﾏｲ/ｴﾙｵｰｴﾙ/ﾌﾟｰｻﾝ🐝/アカウント変わりました。
760161079573876736,_____ki09,175,113,
732652613502570496,Yogi16518,64,7,S♡NE
3165231156,hello35925106,238,189,JK2
989874737747640320,_eeens,102,1,
848200725876178944,BuriTerioisi,82,40,こーでぃーくん💓/351/レイターズ/さとるん💓/よきき/こま/磯田怜💓/レイキュア
940484345713717248,p__nkx,70,58,仙台こども専門学校 ¦ KM1E
989145733914742786,fzMbZtgqvj8G4QH,91,17,
965878170187546624,black_cat46222,176,105,02-03line/趣味垢/ジャニーズ/欅坂46/謎解き/神奈川住み
989606753670057985,tsuki___32,113,76,商業13HR/吹部flute/ 歌歌えるようになるのあきらめる🎤/🆕
981778394235858945,mikannok3,23,2,お洋服
817371433735049216,0507nananana,96,95,✐ : 1999.05.07 - 18teen ♡ : make - disney - fashion
989865888143716352,kokoko_sasuke,33,1,
986854546457509888,QWai2kmO0gN7E2d,14,1,よろしく！
989522270627360768,kazukisudakoube,13,0,
951838903274622981,newsu12616022,118,118,Adachi ② 無言フォローすみません🙇‍♂️ 🦋じゅじゅななファン👅『レアナー🐼』 あきへら🔪 🍑ぽたちょあ🍑
967882844323237888,inoaroa,124,5,YouTubeすき
954724089351950336,1213_Yuyu,494,414,小鳥遊六花ちゃんと速水凛香ちゃんと合田美桜ちゃんと中野梓ちゃんと耳郎響香ちゃんなどが好きです！ヘッダーは、@ramepurin3710さんに作ってもらいました！
835081394141315072,nageko37,44,8,みんな違ってみんないい/性別迷子/パラスティカさん/木下ゆうかさん/ぽんりささん/くまみきさん
170306840,kanashi3,96,95,（´-`）.｡oO（彷徨って途方に暮れたって また 明日には 新しい方角へ
921686229455839232,yrn1105,215,1,
969209340933545984,kurasanchim,21,3,
2825872598,xoxo_ons0218,178,202,"age21...kurihara→kojo→Nurse student Dance,SnowBord,Camera,adidas,nike,,LDH,disney https://t.co/xwHJK84RIF"
989839891990130688,___0black0___,46,2,
839124679960883200,394sakura394,304,316,でんの➋👩‍🌾怖がり、テキトーなイメージ。優柔不断をやっつけたい
796244700462096384,zon4211,51,42,昭和→城東→東工業
792368269126692864,elephant_over,50,8,The memory of being here  with you is ONE I'm gonna take my life through
988299351045816320,o4W0k1sL5Gm2z8T,7,3,
879931159915802624,y_____O1O4,183,150,喜連46th 2-4 🌸 Hey!Say!JUMP / 欅坂 / 乃木坂 / おこぷれ / ピンクラ / ヘンジンマジメ / TEENAGERS OSAKA ☺︎❤︎
817355869335629824,pettdm,114,85,富士見中▷熊西1-1 バスケ部
859018922724515841,moe_nicol0220,324,153,老司 ￤  基本フォロバする✌🏻️
987622056148652032,kJGDQKBc7n5ywiM,15,6,よろしくお願いします
977172189416898560,3jsb_gene_K724,128,31,"鞍手高校 １-２ 🤤❀"" LDH """"＿EXILE＿GENERATIONS / 三代目J Soul Brothers """"""""""""""""""エブリデイ 岩田 白濱"
868061387481792514,YouTube__faosj,100,5,Fischer's・アバンティーズ・おるたな・てみじ・東海オンエア・ジュキヤ・カリブラ・水溜りボンド・レイターズ・すしりく・はじめん…以外のYouTuberも大好きなYouTuberファンの1人です。
976064259690979328,Skypeace_yuu,139,10,🌙🍼🌴👴🐢🐯
945154607788855296,ake01_mi,2948,2589,海外大好き人間✨
989810663580041217,Rau_102,97,13,前の垢消えた…。
969138417350066177,bts19941218,17,3,suita5バスケ#6防弾少年団😘裏垢見るだけ
799142444453351424,YURI1130509,186,196,S h o r i n * . ≫ N i n o m i y a * .
840857482352181248,0lapse0,113,4,
988327502094286848,emika18940128,105,5,
989460672814575616,l5IfF2D5dFbdLms,37,7,
940276835409186816,genkaibusu,37,7,。醜形恐怖の引きこもりおたく。かわいい女の子が好き。勝手に考えすぎて勝手に病む。無言フォローファボRTすみません。
752000729062121472,douteitsuraiyo,64,32,0を1にしたい
986924174001057793,VIWyMhY1vpLJLJ0,11,7,｜日立二｜演劇部｜ぴかちゅう｜
981581013754175488,sstTlbMMQgJwvnY,9,2,よろしゅうお願い致します😆
943399624374501376,___x_ao,17,6,おかやま 笠商 02 ： #kmf2
737986179602087937,XayBoN9RRG7JAzb,357,203,suminoe 46th☻｜ swim♡
2958615008,yukia____0227,399,578,富谷22HR / 人生×僕＝邦ロック
986529834753912832,yrna_77,93,83,"山 田 涼 介 君 担 当 Hey! Say! JUMP

紫 吹 桜 虎 く ん

安定さん➭➭@KouRyo0730"
3145901114,__10s08n,75,12,ちはやふる
740499313785110528,S_581_,292,200,長西▷静女①___Johnny's____西野カナ___@P_K_A_All @かっぱ
703185333274300416,LEO0505_knight,208,14,
2536335401,1223_yu_ki,215,231,"泣いても笑っても１度きりの人生😎
楽しんだもん勝ち🌼愛方💋Aya💕
DIET🌟"
800340034599591936,1010_shio,92,68,カタリナ③
988914938897874945,Rana_jp_,119,30,フォローするだけで恋愛上手になれる💡 ちょっとした恋愛観から夜の事情まで、オトコとオンナの本音を覗きましょう🔍👀
989703507723759617,emi1679,292,118,"アカウント変えました
今中→精和LJK 相方→ @tyoko_1123 大切な彼氏さん → @yoki0216 待っててください。"
924649934443261953,___l0verry,162,107,M!MiC → @_Mimic_official TRANP→@tranp_official No.12 → @no12_model / CANDY HOUSE staff /🍮
924242263642849280,ricoriko1012,247,241,ﾂｸﾀﾞ☞ｱｵﾆｼ 16HR 弓道部 窪田正孝 WANIMA 西田光真 鼻のJK🌼
771911887877308416,5lVaOg1OYfk7XZX,159,153,東三国中 ☞ josho2-10 ¦ YouTuber💞 ¦ 矢本悠馬
1652494890,rnk0106__,472,585,三代目JSB ｜富士市立→社会人🌹
989544679287934977,nanu_nemu,108,38,"月と星のカケラから生まれた


























#フォロバ100パーセント"
987511861905047552,7EbR8VP5MnZ1zsx,46,9,関西ジャニーズJr. NEWS King ＆ Prince Hey! Say! JUMP ジャニーズJr. #河西李玖 #夜神利汰 #リくリた #WingPeace🐻👑🐼📛FUNKY MONKEY BABYS
989521714743672834,youtube_741,101,11,YouTube垢 / 新しいの / LJK / フォローしてるYouTuber全員好きです。 / フォロバ100！
4803161688,Nishimura_Ryugo,35,3,北京生まれ、上海育ちでインターに行ってる日本人。中国鯖でついこないだplat 2に到達しました〜。１５歳｜MadEmperor ファン
970965071500230663,HORN__L,26,0,
868423857257959424,twEiF8hWJ0MQJVC,77,1,
988776542703566850,EQeE6Du17xeDuvY,266,39,横浜住み  美味しいものとお風呂好き
1592173249,raraorange92,464,482,立教/観光☺︎REX 関東sivio11th♡ 邦ロック [Alexandros]、WOMCADOLE、LAMP IN TERREN 、mol-74♡
3892236620,ikuto_katano,360,2594,Kscwellnessfc#65/常盤中3-5→Ｓ高校１ｰH
886794162804215808,kntrdisk_301,245,32,————ᵕ̈*♡MEN’S NON-NOモデルズ♡ᵕ̈*——— BEST☞\\守屋光治・清原翔・原修三郎・中川大輔// ——👑坂口さん家の健太郎さんは殿堂入り👑——♡♡Girls☞桐谷美玲・佐藤ありさ・佐藤 栞里♡♡ YouTuber☞🐰スカイピース🐴・はなおくん🍅・パオチャン🐘・東海🌤・水ボン💦
718025937556668416,RudAJYQc0v9md4i,196,13,
989505788333903872,tAsqadaX8ViEbdW,8,0,言いたい放題のLJKです。なかなかのクズです。俗に言う裏垢なるものです。
983337553989320707,maP4OuFGmfBlEmK,21,6,
228239123,kumoya145_1201,176,178,鉄道・飛行機・Youtube・料理が好きです。
2625857574,0eh387530053,423,621,
833674061460811776,koriko_hby134,330,62,趣味垢です！どうでもいいこと呟く時もあります。すとぷり┊︎sou┊︎InvaderＴ┊︎runa┊︎miro┊︎HoneyWorks┊︎浦島坂田船┊︎柘榴┊︎米津玄師┊︎Aimer 本垢 ☞ {@nekorinko_oOoOo}
988797417171574784,nikotynmaaku,83,10,関西✈ひまじん☺︎
982266903434440704,aP5VVbohYfnlO6O,6,0,しゅみあか。
986463151129440256,mura03231,72,2,
953612485642170368,2018_flyhigh,25,0,
989129233850032128,ysk_miya,179,15,な ん ば ~ 🐶 で お ん り ~ 🐶 な 淑 希 く ん 💓
805053472898809856,Rei_0901_,113,173,01''09.01 (16)｜🇰🇷｜''10.04''❤︎
989454812344283136,p_q__8,12,0,静岡トカゲーランド飼育員(23) aikoとコムアイとトカゲとYouTubeが好きです。気軽にフォローして下さい😊無言フォローすみません。
986566731459059712,tNOGtLndxSR1E9z,73,50,"如是→高北    
スカイピース，MrsGREENAAPL"
963484551950430208,pikapika_0415,56,56,光幼稚園↛香櫨園小➪浜中70thNEXT↛芦屋学園/1-E⚠️ここ重要 →ツイートつまんないのでﾖﾛ(｀・ω・´)ｽｸ！ 塩対応多めʬʬʬʬʬʬʬʬʬʬ
841213303661576196,xxxNatume,104,29,ゲームばっかりやってます。アイマス好き。二宮飛鳥が好きです。RT多め。フォローの際はよく考えてください。興味のある方を無言でフォローします。
954752004445753344,UFer_yuna4,797,184,YouTube垢/FJK/15歳/VAZ/あるてぃめっとよにん！/ハクマイン/かすろあこなん/禁断ボーイズ/PiMS/金欠デイズ/VAZMart/Vine/ねぎさん＿（@Negiryo_o）推してます💕
989459475772858368,beni51123,34,10,"へんふぁみ･ぽたちょあ･かとまにあ
あみしぃ
#ハッピーダイエッター"
974990967462707205,Yrika0909,256,151,川東生😚 歌い手さんとか踊り手さん好きだよ～！よろしく👍
989092857297428480,2gQJoDbb23F1Flg,100,23,"鷲西！中1
テニス部🎾
フォローしてくれたら返すで♡
久喜提灯祭り仲町やってます
#アイナナ好きと繋がりたい
#アルスマグナ好きと繋がりたい
#アニメ好きと繋がりたい"
899539413859844097,ikon__13,59,45,知り合い
989462765579321344,kaetaro_sun,116,32,安本彩花 と 玉井詩織 と 志田愛佳 と 長濱ねる のヲタク
989090910674792452,ANNCHIAKA,40,3,"みらん中心あいなん，渡辺りさも無理
基本見る専でござる"
989457217886666753,Yuuuu_lovely,15,1,"宮内




WANIMA  /  ONE OK ROCK"
949376835720159232,Ah_chan__,66,8,
812139696822177796,KTD__ktkrshk,66,43,好きなタイプはひまわりみたいな子。また一緒に笑える日まで、俺は生きる。
988704008222081024,____a___cha__,252,164,【👩🏻‍🎓】LJK【🙅🏻‍♀️】ピーマン【💋】基本写真はInstagram
898430039431061504,ksr_loooove,76,148,➸♡@ku_oooon  ♥*⇝くおんさまが1番 🎀🐞🐝 @ 4L╭☞@kkm_3910 ✌🏻💗
2692778582,tm19971117,146,200,各務野→NKU 2nd フットサル
2316678522,Furusyou_0501,148,110,赤商33R↪︎日建.baseball E-girls
970247143024869376,DIiGbfOO6H9ny9e,151,110,中3.14歳.槇島.吹奏楽部.部長.
989426658330456069,sitiao_1111,24,6,🇨🇳乃木坂46井上小百合推し💟💟/嵐松本潤担💜/spitz/boc/みーぱん🍞 weibo:四条君在暴风雨里 ins:yojou1111 中文/日本語/English
944230403958751232,dk1B4zYVbLYoUU4,134,36,"#中2#卓球部#TWICE好き💓
推しメン
サナ モモ ツウィ ダヒョン💓

友達いっぱい
         友達大好き"
2958318960,38Sayasayak,95,65,NS卒▶︎短  like⏩小説・動物・映画・ジャニーズWEST・Hey! Say! JUMP・チーム8
964896005148721153,utayuki_neko,320,260,"JC2😛
歌い手さんとヘンジンマジメと韓国が好き！
96月最推しです！
詳しくは個ツイを！
よろしくです(*`･ω･)ゞ

ヘッダー→まとぺ様(@maaaaah___)"
982561366509699074,saki58020426,30,21,1 6 / 元 中 沢 / 寒川高校 / ト プ 右
716604160288776192,Sgym_Mm,432,240,心 理 。色 々 な こ と に 奮 闘 中 。
885450192765374464,miyu020321220,144,149,'01line/NK58th2-3/アカウント変えました
970933888309604352,nxe7_th,556,156,新しい垢なんで、フォローして下さい。関西人。オムライス好き。キャラメルラテ好き。スタバにいる系女子。写真好き。めちゃひたる。レモンティー好き。リア友探してます。良かったら知ってる方フォローして頂けたら嬉しいです(ﾉ)*´꒳`*(ヾ)ﾑﾆﾑﾆ フォロー待ってます。乃木坂聴くと落ち着く🐰
988421509180899328,kahohohoho0812,243,37,Twitter初心者٩( ᐛ )و Y中→→S高13R 韓国料理🇰🇷💕欅坂46/乃木坂46/YouTube/白猫テニス/badminton
2597494280,0104_24karats,924,1317,kgu.19..hiphop...k-pop....Look at me!.....follow me!
877529449956114433,fu_rikako,113,78,Da-iCE🎲/AAA💙❤️
3150702414,aaa_haru0128,620,573,HONAN3A3￤ぶるうぃん🐳▷ フルート＆CG⚑*ﾟトプ画→ ￤AAA🌈￤與真司郎💙￤米津玄師￤欅坂 スヌーピー🐶￤プーさん🐻🍯コナン🎀👓
989307233442848773,3355KEroro,20,2,
894161208793645058,a_tj_0912,63,0,16さい ポキさん💓 YouTuber垢
3243945883,oooo__mi,520,201,
978958323847380993,ryoka_1702,105,76,stanstead college🇨🇦☞St.Andrew’s college🇳🇿☞Chukyo uni 心理🎌
983304081501339648,J6NmX74IQiO3vm8,37,1,
889744781319970816,bs_bt,409,321,八敬 3年
942525112342822912,yuu74285725,247,159,南中 / 女バレ / littleGreemonster / BLACKPINK/emma /YouTube / KEMIO
4850560628,1990ABTwin,15,13,ゆうこす❥❥❥❥YouTube好き
2251501910,putinsmile039,129,53,
712633722491654144,man0kr9,229,138,football🇯🇵ksu/reds/jfc/fussball/jonan/reds←🆕‼️
989177931598450689,sCahcTXqIXzx9g0,17,3,
987977695093866496,hati23901472,30,3,時尚 旅遊 企業 國際 國際音樂
730706157812224000,loveason3,8,0,喜欢自由  喜欢安静  喜欢交朋友
989164010464460800,99ta_____ri125,52,6,２年後には東京住みたい #ぎーにょず
3089727748,leeisjustweird,283,41,★  I'm a space cactus!  ★
745763209290801154,ShaoChiaChen,151,5,"안녕하세요 , 저는 포천 점에서 대만 ARMY , 오빠 사랑 해요"
874623845939859456,hanna0325kj8,184,111,"塩浜▷▷農芸FJK🌼*･
                                      ｜KJ8｜EG｜大倉忠義｜石井杏奈｜坂口健太郎｜竹内涼真｜山崎賢人｜なのかじ｜"
989152671624904704,9LtGUhIudXn9r7r,41,1,
973068878648520705,shien64393264,120,91,JK1✲16🤟SS→SC→MJ🤟菅中生とか、MJ生とか、気軽にフォローウェルカムです！多趣味人間。主にめせもあ。と文豪ストレイドッグスとGARNiDELiAとスカイピースとFischer's。歌い手も好き。知ってるよ！って人いたらフォローお願いします！…わかる人はわかると思うけど、腐ってる女子ですから。笑
3238528032,MARi_kun_,261,254,のしろ1G￤空手道部ﾏﾈ￤🐼￤りんごの遅刻マン/JK大好きな趣味歌おじさん/イケメンなおばけの人
985707696320987136,REN84513682,125,19,LJC  YouTuber大好きです📷💕  ウェイターズ🕑                                                            はやしん/SN🌴地方民やからイベント参加できない😭                            たまに歌詞動画をあげます✨
824213228947243008,lovezonemari,570,529,ツイート多めです。神谷浩史。小野大輔。DGSｻｲｺｰかよ..。あんスタ。カラ松ガール。欅坂46。ラジオすき。RBCiラジオ。MUSIC SHOWER plus+。腐女子おいで！声優。ジャニーズ。気軽にフォローお願いします✨
866248251153891328,a26ttt,216,96,卍 美月まじリスペクト 卍
886247238669697024,akaka__rinrin,106,11,キャス、linelive、リプ用アカウント
989137184941793281,nnt_luz,86,3,
841211005992501248,blue27285871,303,7,
878455284523450368,Mak12i12,42,7,☺️🐈☺️🐈
987965108692271104,honokuni_27,45,4,
866988831462969345,natsumi0824kon1,225,120,"トプ画右、中１テニス部、BTS💕ＡＡＡ💕乃木坂💕
ミクチャもやってます！あとあんスタ💕朔間凛月
推し💕アニメ💕文豪ストレイドッグス💕東京喰種💕
ハイキュー💕"
709739966079705088,puuuu_luv0810,52,34,❤ すきぴと難波 ❤
958375860897169408,7InIEG4IqxACsoc,47,4,中学１年 韓国🇰🇷 絵文字がたくさん💞
979570668470587392,aosiasus,5,0,ai
969897078418583552,ag__rrr,461,459,よしうら３ // イケメンになる。// 吹部  trumpet🎺// FLEXお休み中😭😭
924247568074158080,ckC8QpKdzgV7MRK,62,57,フォローお願いします GENEファンと繋がりたいです😋 亜嵐くん😍
829296378874560514,pamu_0728,145,28,とりまYouTubeだいすき🙋                                           3/28スカイピースハル☆ツアin名古屋🐴🐰✨    たのしかった！！！
827467151472668673,mikan_camila,1801,994,川内中/中2/吹奏楽部/Tuba/ラブライブ(ことりちゃん、にこちゃん推し)、{桜内梨子ちゃんと同じ誕生日♪}/フィッシャーズ/まふまふ/そらる/洋楽大好き/CamilaCabello/HoneyWorks♪/気軽にフォローしてね♪フォローしてくれた人100%フォロバします♪
895661282195456002,hobby_likes_sf,105,17,邦ロックに出会って1年 まだまだ勉強
846602600564776960,chi__o00,348,353,Atsuta SJK / よしくん
869172769518256128,shi_ma_desu,1017,476,"☞バカ代表☜ 低音一途💜 WANIMA🎸#WANIMA好きと繋がりたい
♥Thank you for Follow♥"
985330838140170241,me41345079,123,16,星川遥香ちゃんが可愛すぎて大好きすぎ て作ったアカウントです💞 本当に可愛いすぎて憧れる😭 市川美織 好き LIVE好き欅好き 友達は少ないでーすw
980863600888655873,lk__ibis,19,10,"身長170超えてるただの高身長です。
23HRの出現率めっちゃ低い人←
趣味？そんなものない(嘘)
機械系いじるの意外と好きだったりする"
989094785179963392,ryoka6609,36,16,春から高校生！青春します！ 元南押原中 栃農1-1（14）フォロバ100%     雪ノ下 雪乃最高！大好き！
938327954261602305,IlMsKc4pRXgRkwx,166,60,すずしょうと/パオパオチャンネル/いんちき姉妹/すしりく/スカイピース/てるとくん など好きです！よろしくお願いします！
820302410794971140,Usagi_xoxo69,15,0,
989104013378338818,Po127_Ka322,56,24,YouTuberさんのことはまだまだ知らない事だらけですが仲良くしてください😆👏 無言フォローすいません 話し掛けてほしいです😁 ポッキー♡ポキみや♡カリブラ♡水溜りボンド♡ヘンジンマジメ♡おるたなチャンネル
708196743393849344,WwZLHjWkfETaJRg,1580,1265,JK🥀🃏🕸/伊野尾慧❤︎/誰でもフォローどーぞ🕊 /気まぐれツイート
978241078062080000,__angel__149cm,41,24,ほりえりくくんとさんこいちがすき⁽⁽ଘ( ˊᵕˋ )ଓ⁾⁾
978613595532480512,UcEKclz5GxT2vIe,101,6,基本見るだけです
985505426774024192,Dy82qGA4e5lcZDe,50,6,韓国好き 😚😚  BIGBANG . 防弾少年団 . INFINITE . わなわん . JBJ 色々好き 👷
974148795385618432,__paooooon,25,0,youtubeが大好き！
607856605,yoshiki043,314,297,
715112304992342016,Sirahama_Hina,285,194,Happiness，GENERATIONS､THE RAMPAGEが大好きな中3です！陸上部です！フォローお願いします!!!
750220091501850624,wimper_1450,159,39,
697558897570123777,yokoaya_0513,64,50,藤島／鶴岡中央／女バレ／演劇／カラオケ／映画
3152696893,sekaowa_v6,160,12,実況者様をフォローするだけの垢。 フォロバ返しません。
989074456445321217,ev7v1R78zGBHQ4D,169,32,始めたばかりです。 無言フォロー失礼します！ スプラトゥーン2やってる方と繋がりたいです！  フレコ8300 7715 6033
3214017460,Sakura10141594,125,1,新社会人(22)。。趣味垢。。フルートlove。。単純バカ女。。病的に愛して。。赤い薔薇→あなたを愛しています。。弱い人間でなにが悪い。。毎日泣いて強くなる。。
981867178516295681,to_____sun,30,1,東海オンエア と えむれな と さんこいち ☺︎
797457547305156612,natsumi_abe622,131,144,14 years old / dance / photo / https://t.co/RRohWWJij7
989064149211713537,m_u_c_h_a_101,160,99,LJC /おれのやで🙈
981113422615011328,hk______15,34,16,観音（Euph）TWICE，EXID🖤 ・満島ひかり ・志尊淳
908983332502769664,mafu_110,276,128,【土佐塾 中3 バスケ部】YouTubeを見ることが好きです🐢 ❤歌い手@uni_mafumafu 💗踊り手 ❤HoneyWorks 💗@Pocky_Sweets ❤@saaya3831 💗アバンティーズ ❤ヘンマジ 💗Disney ❤ジブリ 💗少女漫画 ❤ごちうさ
972801791401144320,MAKUN20051121,37,11,ヨロシクです！(o^-^)b✌️好き😍→@alon2525お気に入り→@zizio413 のサブ垢→@take_cute25 TWICE好き！❤特に【モモ🍑】が好き！😍ニックネーム→【マーくん】/血液型→【A型】/好きな事→ゲームする事/歌う事.........です！（笑）よろしくお願いします！m(_ _)m
852460968034525185,lI31XJ5TLVg3sN3,74,10,JD休止
1340873288,maanyanko3416,440,208,"ボイメン溺愛中♡
拓海、勇翔、俊さん、勝推し❤
BMKは米谷、佐藤匠、中原推し♡
祭nine.は清水、寺坂推し💕

割と箱推し♡！
イベントあれば行きます！
9/30 10/01参戦済

『夢は諦めなければ必ず叶う！！』

お笑い芸人なら
チュートリアル、アンジャッシュ等すき
※現在恋愛カウンセラーとして活躍中♡♡"
801698792139464704,Ririka_Pon_321,262,131,🐶ANGEL💕好きでかまちょな生物です😆よろしく👍 /韓国大好き♥KYUSYU1→2♥photoCLUB/古着＆古着屋love/元 赤ブロ衣装係 #ペヤング つぶやき(@riruriru_0240) サンニブ垢(@LOVE321_RirikaL)
981853194673315841,8t97D9f5gDbPS60,380,219,守南→八普   1-6 ♡   バド部☺︎
985449537367031808,tOngdAVqd0mF0QU,55,4,
2675383586,m11312rk,513,365,稲津小→麗澤瑞浪中学→麗澤瑞浪高校 6-2→中部大学人文学部
986929598842597376,cJ6m00uebE5Z5oc,7,4,よろしくお願いします
987917670589722625,tomoka42877,136,89,eishin3/神木隆之介/嵐/水溜りボンド follow me✨新しくしました！
2497973202,hiyoko8253,301,178,＊元出商＊→松江 製菓→洋菓子屋さん＊陸上すき♡
988966810807496704,usa_honda,15,2,
2912486892,BA96THPooh,221,66,神→TVXQ/爆発→防弾少年団(BTS)/安定→GOT7/K-POP/ディズニー/ プーさん(⑉°з°)-♡ 2017.08.23→Happy wedding💍🐻夫婦♡
807170286420250624,hello_yamame,104,75,ぴよ。さかな、おおや、ようか、ぴらかた！！！どどど！求))友達の作り方
926483961760456705,sjtd22,127,57,99￤宮古島￤平良☞工業卒￤無言フォローすみません😭🙇🏻‍♀️
775306670561910784,honeylemon_sax,487,176,今日､好き･恋ステ･オオカミくん                 ほんまに大好き💕                                         今日､好き⏩けんくん･にしむー･まる        恋ステ     ⏩かずとくん･しょーえいくん   オオカミくん⏩なすくん･けんけん･そらくん
3136762758,SkyHigh0_0,21,16,女子大生。
987308599926898688,0H6KXsAwIgqLf6O,115,16,ガオラー・ウェイターズ・ぽんふぁみ
831505976545071104,kotona_0509,464,351,玉穂中→甲府商業 1526 → 2425 セクガル＆とびっこ 涼介担 風磨担 YouTube  @ruykun__←るいくんみたいな美白が欲しい
3321163338,yuto0206rx91,164,138,元亀中、yuto高、函短保育科B組、15キロ太っただから痩たいでも痩せられない系男子‼️バスケは楽しいね^_^でも今はバレーの方が好きかも……いももち❤️ずっと一緒に❤️5月2日
988963682272002048,Branch__oO,8,2,14 ／ ♀ ／ ﾍﾝｼﾞﾝﾏｼﾞﾒ (♡) ／
805945668153901056,kobvm,2115,766,旅行、映画、ドラマ、お肉大好き！follow me🌈
2787463992,blackcherry9253,447,288,TBS / 趣味＊プーさん＊歌＊ピアノ＊調理＊お菓子＊詩 / @key_haruna314 /
972108865587224577,YFDFnIMUOv50A8W,26,1,
908818963022225408,s12083,88,28,通信制。とある就労継続支援事業所で働いてる☺︎ ❁.*･ﾟ@kj_ryoka*･ﾟ❁.*･ﾟ
884035700265332736,Linor_0205,55,2,18↑/中文/English/ちゆうごくじん/頑張ろう!
738313943567867908,o_r_shshm___,359,205,Knm②  orchestra*Cl     SHISHAMO│back number│ 坂口有望｜みやかわくん
791071590603563008,nam3___y,18,0,
988744457062268928,6KbVgCiV6c551c8,67,15,私は、中2です。ふたば家に、入ってます
718260344,3Putinkangoku9,28,31,"お気に入りなカメラで、撮って貼る場所
カメラにこだわってるとか写真にこだわってる訳じゃなく撮ることが好きな人"
835851499796226050,kiyu0526sasaki,421,403,せいわ２年3組 合唱部 AAA/Little Green Monster/E-grils
880687167558864896,svnten1375,165,133,U F e r 💩 🌹 👓 🌵(🌋🦖
777008318749380609,oj_blc,694,409,久留米→嘉麻市山中卒→久留米三井中央中退 仕事とか頑張る大阪なう                                 あにき大好きよん、ヘッダーあにき
2210442860,k8_pig16,352,1,自己満垢。
829377830781726720,jacky_akane3,162,65,お洋服・くっく
918823677872844801,Lienonewaka,150,118,ツリメさん じんたん [Alexandros]
904205614976401408,Sasa_3360,123,15,"DJHS
さんねーん

顔文字族"
845652520311566336,rkf1013,536,553,YouTube│みやかわくん│みやなー│スカイピース│じんクラ│あるてぃめっとよにん│チハヤ│てみじ│SEKAINOOWARI│さくらしめじ│坂口有望│邦ロック││趣味垢││アイコンは左でっす🤓
3251477496,rinrinringocha3,387,224,"YouTuber【Fischer's,スカイピース,ヘンジンマジメ】歌手【AAA,TWICE】女優【川栄李奈】フォローしてね！！！💓"
3106524853,poyoyo_oeruk,165,44,"ボカロ好きな格ゲーマーDK
GGxrd→ラムレザル チップ 
BBCF→バレット ハザマ 
鉄拳7→レオ ミゲル？
ストII→サガット 
ワーパー→ブロッケン C.キッド マッスルパワー
ガロスペ→ギース
 そして島爺信者

大切な人→@toufu_love_neko"
988794281983787008,JRje0,2,0,基本読み垢
917017515380826112,k_t_k38m,51,37,KEYTALK勢　ゆる～いへんふぁみ＆ウオタミ　　　　　　　　　　　邦ロック／YouTuber
2910687642,_shi__yumi_,395,604,#優img @yu_img_ ﾅｶｼﾞﾏ ／ ﾆｼﾊﾏ_____________________________________________________¨̮
988790147691892737,choco__364,8,0,好きなもの以外興味ない
847770481281253376,Hono_y_0124,162,127,KOHNAN / T&F mg
3613070114,fukutoku902,294,404,TN24
939839342498869248,sekaowa_fuka11,102,84,ヒガオチ 37th → キタスマ 46th volleyball mg
904366923831418881,Jmahiro12141,85,13,
942479510758350848,82_smile_77,152,40,無言フォローごめんなさい🙏 誰でもフォローしてください！
947516779324088320,ahaha_nn12,27,0,
977777053163401216,aaakari_24_iii,238,235,"豊中→水高B①🌻バド🏸　aヲタ/テオファミ







































脳内からっぽ女子です:)トプ左"
962251841479176193,Nazz_0108,370,147,ふわふわ諦めた 。うんこ
945474197265965056,Mio42490046,42,11,★04line.中1                                                  ★Army                                                              ★グクテテよりのallぺん！
988765951691653122,miu_pinkybaby,6,0,ヘンジンマジメがお好き。
952552553186697216,HIROKI73009992,272,106,知ってる人とかフォローおねがいします
907189891951292416,aaaa_YouTube,24,10,好きなものは好き
988760212541599745,eiNB9YiMpcMGRPV,21,2,
988755270347051008,a92273522,11,2,へんふぁみ / ヘンジンマジメ垢
884339878753730560,yuna20040806,36,26,中1 - 舞踊部♥ 赤ちゃん猛獣LOVE🐯💓
2952234968,hirooo_na,605,612,日体 ▷ 桜町 ▷ FJH ▷ KGH 1-7⏩2-1 / KDC17th /Justin Bieber / 千葉雄大
971034413298577409,TAKU29700,1020,1002,WEBを使って、自分の好きなことを発信し安定的に月20万以上を狙うことができます👍《初期投資不要》でLINE@で教えています💸現在の自分に満足していない方や興味がある方は【NESTA】からお願いします📩※一日5人まで募集しております！
988734065791533056,ayaka_0730_,130,49,"中3→ソフトボール|ジャニーズWEST🌈|小瀧望💕If you can dream it, you can do it.______"
932589448641966082,gfriend1119,354,25,YouTube/韓国🇰🇷 《リプ垢》
818439107240017922,kansai_milky,31,1,ウェイターズ👴🏻おおしま兄妹🌸ヘンファミ
894171155136888832,jumping0617TN,358,244,受験生/アイコン右/Hey! Say! JUMP.菅田将暉.松岡茉優.古川雄輝_soft tennis club 🎾FC会員_I/O参戦済み🏁
790412649926242304,SH_0804_,84,27,看護学生4年目 。 - 舞台挨拶での最高の奇跡♡♡ - 【 ふぁんれたー 】ぬれおかき様 ︎ ┈┈ ウェイターズ👴🏻 おおしま兄妹🌸 ┈┈ ✈︎ 青春は、戻らないらしい。 ビタミン炭酸 MATCH !!! 卍 わろち ～卍ありがとう～
850639212634226691,P_K_All08026,324,180,"JC3 受験生👻👻👻

















































#新垣結衣  No.997 木村なつみ/みやかわくん/PKA/せなお"
988714630267650048,Juri_juri_s,4,0,"(♡) レ イ タ ー ズ【@laters_Youtube】
👴🏻サ イ バ ー マ ン
 
(♡) ス カ イ ピ ー ス【@skypeace_teojin】
🐴テ オ く ん

(♡) ヘ ン ジ ン マ ジ メ【@henjinmajime】
🧒ぎ ん し ゃ む

(♡) よ き き【@y_cute_】"
736573677018308610,manami88292526,108,82,mks✩3―2
730653974617956352,ttkk17ecgexuje2,167,62,中3  好きなもの👉音楽(HoneyWorks、ボカロ) ・歌い手（Sou そらる まふまふ）・アプリ(youtube、ピグパ) フォローされたら返すかも
889743611746697216,AI__Eight,177,107,JC1/ 大阪 / 関ジャニ∞ / ほのあい💫💕 /ツゥイ😍 / ゆんちゃん / ほのかちゃん / ろあちゃん / ほのゆん / ねおちゃん
3172246797,WallBrandApp,3668,2061,"#socialshopping. 
Share your style with your friends, look for products you love and shop directly within the app."
988693947408007168,kanon30235922,51,2,
723872859538366464,BEAR_0831_,260,266,(17) まじで痩せたいLJK
837860750727102465,YouTuber_GOD_,205,205,"Fischer's☞ウオタミ🐟
 よきき☞シュガーらぶ♡ 
 稲荷兄弟☞いなりす
 さんこいち☞ほりえったー
 スカイピース☞テオファミ
 レイターズ☞サイバ
東海オンエア☞てっちゃん
ヘンジンマジメ☞みぽ



                                    まあたそ,えむれな,あつの裏"
808774448,0626Mo,385,393,"八千代→市川⇄池袋/市立船橋56期/TDA/TCF原宿店元staff/池袋の社会人/ブライダル/Chroni Cloop/Organic Call /YUMEGIWA GIRL FRIEND/in da my house/GRANNY SMITH/the Howl◍ˆoˆ◍◍ˆoˆ◍ ""バンドとYouTuberと映画"""
988563427185459202,usa_yuki_0222,47,3,"はじめました。

気分で絵書きます。
歌い手さん大好きです‼︎‼︎
YouTuberもよく見ます。

気軽にフォローよろしくお願いします🙏"
945681870682910725,IJIKAYUUTO20020,75,68,BIGBANG/BTS/よきき/HoneyWorks/V系/ロック/かまちょ/鬼絡み歓迎/歌い手なりたい                         気ぃ向いたら相互
988694933723729920,Rin05683787,24,1,高1 女 ROCK YouTube
858369221369122817,ars_hsj_sp_0727,604,21,"テオくん🐴__じんたん🐰__みや🐥_____















Hey!Say!JUMP__有岡大貴 嵐__二宮和也"
802891447074590721,fs1013mf,531,53,玉藻です！！！！！！！！
974983827134140422,___butterflyyy,16,4,
893808328672911360,neo_yuna_nanana,511,381,好きすぎる❥❥❥@_yunachannel |みやなー🐤|とくふぁむ🍵|すえちょす🍎|きりたんぱー🍥|きぬらー|yumily🍼|にゃんたー🍭|かすなー🍣🍵|こっちゃん's🌈|ゆな→リプ31/♡15 ねおちゃん→リプ4/♡4 ＠Nanami14725❥❥❥『ななみ姉妹』
988669237118943232,DhZvo51o21f,8,0,
2170048820,1Dmiho,1088,684,奥戸中☞関東第一☞TCA 動物園・動物飼育専攻19期生🐥高校野球⚾️プロ野球⚾️GIANTS♡坂本勇人♡ 2011.05.19 @dokin0121←動物(ペット)垢
951329008070701057,you__shiho,236,20,YouTuberっていいよね
777806755057192960,love_kindanboys,351,345,日進/3年/バレー部/フォロバ遅れたりします🤥
977494310277988352,CSqc8rMHZB6btD0,85,7,
1495522519,dancer_c_hoo,773,808,土岐商→NCA飼育→動物園鳥類飼育員🦆AAA[EW_GS_LO_WOG] Nissy[2/242nd] MAMA[10/15武道館_4/27TRANSIT] RAY[DIRECT] Dance[HipHop_House_SoulJazz]
837198860682321920,___oh94___,520,368,♡￤98￤ NPU② ￤ CDC￤ GI ￤♡
150632352,AlwaysUshi,134,20,マイペース、声フェチ、蠍座、腐女子(中国、タイBLドラマハマり中)
988294893599707139,Clockup7,5,0,
862120020209393665,mfahmj,146,7,RT___リプ
3258709668,Ys73okn_Kyaorin,34,22,【@ysk_73o】だけ♡˖꒰ᵕ༚ᵕ⑅꒱ 4/15 キャンハ×BREST 参戦済 ヘンジンマジメ垢
838391005099393024,ebi_fl,53,5,flumpool▷▷Re:image yokohama│猫とたまにゲーム🐈🎮│さくらしめじ好きすぎるしめじ世代の人🌸🍄
976750279897968640,b09pDIWB5EOCQgT,67,1,"今年高校一年です！( ´∀`)趣味はドラクエとYouTubeとオセロニアとかその他もろもろ。。。
面白いゲームを探してます( ´ ▽ ` )ﾉ紹介してくれたらやりますw
フォロー大歓迎！フォロー返しますよお←無言以外100％"
762261809126486016,maaaaariiiiisaa,882,320,yukine🌸さんと、コラボ企画します！5月9日16時まででーす！よかったら、見てねー！
896693482730934272,Choku0908,133,4,中国語日本語OK。twitter初心者で、失礼な事をしたら教えてください。絵を描いています。 無言フォローもし訳ございません。
2456260525,maiha_h0317,350,448,🌸大谷短期大学幼児教育学科￤ジャズ研１回生🌸
988609278435999744,zhoubugai,13,0,
349192580,Jyn10Varia0810,38,4,どうも♪
818028220700237824,love0123401234,176,54,#りなてぃん/#さんこいち/#かやくま
988580026835595264,FzCmV6ImzCT4BKT,25,1,♡YouTuber垢♡
983923021558632450,dYxr6Fo1wH2ni8a,50,5,
904297819229405184,kbys753,520,13,
850719266244395014,miku_pockysweet,386,367,00(01)line🐰
889681927464038400,ueWAmVnJ4jI2ban,350,128,"中１AK２➻バスケ部🏀#１３
関ジャニlove😘💕
YouTube
アバンティーズ
すしらーめんりく
チョコレートスモッカーズ
キッぺけフーカーズ
ノーブランド
フィッシャーズ
吉沢亮😍
love💓💓


【ブラナー】【チョモラー】【ウオタミ】    



キッペケとまあたそからフォローとかやばい😳😳"
988545184756465665,rYouTubef,96,5,#えむれな#さんこいち#ヘンジンまじめ#スカイピース#まあたそ#東海オンエア#大関れいか#Fischer‘s
807232900659712001,nonn625,273,61,"#TWICE
韓国大好き！！
話しかけてみてください！
活水中3
バスケ部🏀"
2413566254,Cyrima0611,111,107,2017.06.11 🤵💒👰
918511343895842817,yuina558,185,231,かごしま16ｰｰｰ( '-^ )bゲーム大好き
2907601333,kc__027,102,1440,/ YouTuber / JK 2 / 16ｻｲ / 不定期投稿♡ / ﾁｬﾝﾈﾙﾒｲ 変更 NiCo Ch. → K Ch. ¨̮
974888929332641794,ymd_ksrg,93,64,Hey! Say! JUMP Yamada Ryousuke . HNDJC3 .
2197360663,ANIME135792,211,34,ChiKaです。 主に乙女ゲーム・ホラーゲーム・声優さん・KーPOP が好きです♪
868820997322833921,fuuko1231,48,10,LJC/YouTube虫/🙊
168364966,shiba_ayu,9,4,８歳と５歳の２児のママです☆GLAY大好き29歳です＼＾o＾／自分の事はあまりつぶやきませんｗ
829462353896894464,me_gu_mi_1225,157,132,北中→板高！誰でもフォローしてね❤︎プリ↓
825654023994777600,pokemaina,633,624,MHXX/MHW/COD/エレクトーン/浦島坂田船/Splatoon2/鉄拳7/モンスト/においフェチ/負けず嫌いです。アイコンとヘッダーは頂き物です！！たまにPS4ゲームの動画あげます。出会い目的やめてください
985524309861937152,ARASHJUMP1008,133,29,ジャニーズ全部好きです！前のアカウントフォローしてくれてる人こっちもよろしく！
